timestamp, index, pstate, utilization.gpu [%], utilization.memory [%], memory.used [MiB], memory.total [MiB], temperature.gpu, power.draw [W], enforced.power.limit [W], clocks.current.sm [MHz], clocks.current.memory [MHz], clocks.max.sm [MHz], clocks_event_reasons.active
2026/09/20 12:54:38.265, 0, P0, 0, 0, 0, 23034, 51, 30.80, 72.00, 2040, 6251, 2040, 0x0000000000000001
2026/09/20 12:54:38.374, 0, P0, 2, 0, 0, 23034, 51, 30.80, 72.00, 2040, 6251, 2040, 0x0000000000000001
2026/09/20 12:54:38.476, 0, P0, 2, 0, 0, 23034, 51, 28.62, 72.00, 2040, 6251, 2040, 0x0000000000000001
2026/09/20 12:54:38.579, 0, P0, 0, 0, 0, 23034, 51, 28.91, 72.00, 2040, 6251, 2040, 0x0000000000000001
2026/09/20 12:54:38.680, 0, P0, 0, 0, 0, 23034, 51, 28.98, 72.00, 2040, 6251, 2040, 0x0000000000000001
2026/09/20 12:54:38.781, 0, P0, 0, 0, 0, 23034, 50, 28.99, 72.00, 2040, 6251, 2040, 0x0000000000000001
2026/09/20 12:54:38.883, 0, P0, 0, 0, 0, 23034, 50, 29.01, 72.00, 2040, 6251, 2040, 0x0000000000000001
2026/09/20 12:54:38.985, 0, P0, 0, 0, 0, 23034, 50, 29.01, 72.00, 2040, 6251, 2040, 0x0000000000000001
2026/09/20 12:54:39.087, 0, P0, 0, 0, 0, 23034, 50, 29.05, 72.00, 2040, 6251, 2040, 0x0000000000000001
2026/09/20 12:54:39.188, 0, P0, 0, 0, 0, 23034, 50, 29.10, 72.00, 2040, 6251, 2040, 0x0000000000000001
2026/09/20 12:54:39.290, 0, P0, 0, 0, 0, 23034, 51, 29.11, 72.00, 2040, 6251, 2040, 0x0000000000000001
2026/09/20 12:54:39.392, 0, P0, 0, 0, 0, 23034, 51, 29.10, 72.00, 2040, 6251, 2040, 0x0000000000000001
2026/09/20 12:54:39.493, 0, P0, 0, 0, 0, 23034, 51, 29.14, 72.00, 2040, 6251, 2040, 0x0000000000000001
2026/09/20 12:54:39.595, 0, P0, 0, 0, 0, 23034, 51, 29.14, 72.00, 2040, 6251, 2040, 0x0000000000000001
2026/09/20 12:54:39.696, 0, P0, 0, 0, 0, 23034, 51, 29.13, 72.00, 2040, 6251, 2040, 0x0000000000000001
2026/09/20 12:54:39.797, 0, P0, 0, 0, 0, 23034, 51, 29.15, 72.00, 2040, 6251, 2040, 0x0000000000000001
2026/09/20 12:54:39.899, 0, P0, 0, 0, 0, 23034, 51, 29.14, 72.00, 2040, 6251, 2040, 0x0000000000000001
2026/09/20 12:54:40.000, 0, P0, 0, 0, 0, 23034, 51, 29.15, 72.00, 2040, 6251, 2040, 0x0000000000000001
2026/09/20 12:54:40.101, 0, P0, 0, 0, 0, 23034, 51, 29.15, 72.00, 2040, 6251, 2040, 0x0000000000000001
2026/09/20 12:54:40.203, 0, P0, 0, 0, 0, 23034, 51, 29.12, 72.00, 2040, 6251, 2040, 0x0000000000000001
2026/09/20 12:54:40.304, 0, P0, 0, 0, 0, 23034, 51, 29.09, 72.00, 2040, 6251, 2040, 0x0000000000000001
2026/09/20 12:54:40.405, 0, P0, 0, 0, 0, 23034, 51, 29.08, 72.00, 2040, 6251, 2040, 0x0000000000000001
2026/09/20 12:54:40.507, 0, P0, 0, 0, 0, 23034, 51, 29.08, 72.00, 2040, 6251, 2040, 0x0000000000000001
2026/09/20 12:54:40.608, 0, P0, 0, 0, 0, 23034, 51, 29.08, 72.00, 2040, 6251, 2040, 0x0000000000000001
2026/09/20 12:54:40.710, 0, P0, 0, 0, 0, 23034, 51, 29.07, 72.00, 2040, 6251, 2040, 0x0000000000000001
2026/09/20 12:54:40.811, 0, P0, 0, 0, 3, 23034, 51, 29.32, 72.00, 2040, 6251, 2040, 0x0000000000000001
2026/09/20 12:54:40.913, 0, P0, 0, 0, 3, 23034, 51, 29.28, 72.00, 2040, 6251, 2040, 0x0000000000000001
2026/09/20 12:54:41.014, 0, P0, 0, 0, 3, 23034, 51, 29.28, 72.00, 2040, 6251, 2040, 0x0000000000000001
2026/09/20 12:54:41.116, 0, P0, 0, 0, 3, 23034, 51, 29.29, 72.00, 2040, 6251, 2040, 0x0000000000000001
2026/09/20 12:54:41.217, 0, P0, 0, 0, 3, 23034, 51, 29.28, 72.00, 2040, 6251, 2040, 0x0000000000000001
2026/09/20 12:54:41.318, 0, P0, 0, 0, 3, 23034, 51, 29.30, 72.00, 2040, 6251, 2040, 0x0000000000000001
2026/09/20 12:54:41.420, 0, P0, 0, 0, 3, 23034, 51, 29.30, 72.00, 2040, 6251, 2040, 0x0000000000000001
2026/09/20 12:54:41.521, 0, P0, 0, 0, 3, 23034, 51, 29.30, 72.00, 2040, 6251, 2040, 0x0000000000000001
2026/09/20 12:54:41.623, 0, P0, 0, 0, 3, 23034, 51, 29.32, 72.00, 2040, 6251, 2040, 0x0000000000000001
2026/09/20 12:54:41.724, 0, P0, 0, 0, 3, 23034, 51, 29.31, 72.00, 2040, 6251, 2040, 0x0000000000000001
2026/09/20 12:54:41.825, 0, P0, 0, 0, 3, 23034, 51, 29.32, 72.00, 2040, 6251, 2040, 0x0000000000000001
2026/09/20 12:54:41.927, 0, P0, 0, 0, 3, 23034, 51, 29.08, 72.00, 2040, 6251, 2040, 0x0000000000000001
2026/09/20 12:54:42.028, 0, P0, 0, 0, 3, 23034, 51, 29.09, 72.00, 2040, 6251, 2040, 0x0000000000000001
2026/09/20 12:54:42.130, 0, P0, 0, 0, 3, 23034, 51, 29.10, 72.00, 2040, 6251, 2040, 0x0000000000000001
2026/09/20 12:54:42.231, 0, P0, 0, 0, 3, 23034, 51, 29.08, 72.00, 2040, 6251, 2040, 0x0000000000000001
2026/09/20 12:54:42.333, 0, P0, 0, 0, 3, 23034, 51, 29.08, 72.00, 2040, 6251, 2040, 0x0000000000000001
2026/09/20 12:54:42.434, 0, P0, 0, 0, 3, 23034, 51, 29.09, 72.00, 2040, 6251, 2040, 0x0000000000000001
2026/09/20 12:54:42.536, 0, P0, 0, 0, 3, 23034, 51, 29.08, 72.00, 2040, 6251, 2040, 0x0000000000000001
2026/09/20 12:54:42.637, 0, P0, 0, 0, 3, 23034, 51, 29.09, 72.00, 2040, 6251, 2040, 0x0000000000000001
2026/09/20 12:54:42.738, 0, P0, 0, 0, 3, 23034, 51, 29.09, 72.00, 2040, 6251, 2040, 0x0000000000000001
2026/09/20 12:54:42.840, 0, P0, 0, 0, 3, 23034, 51, 29.09, 72.00, 2040, 6251, 2040, 0x0000000000000001
2026/09/20 12:54:42.941, 0, P0, 0, 0, 3, 23034, 51, 29.10, 72.00, 2040, 6251, 2040, 0x0000000000000001
2026/09/20 12:54:43.043, 0, P0, 0, 0, 15, 23034, 51, 29.09, 72.00, 2040, 6251, 2040, 0x0000000000000001
2026/09/20 12:54:43.145, 0, P0, 0, 0, 226, 23034, 51, 29.16, 72.00, 2040, 6251, 2040, 0x0000000000000000
2026/09/20 12:54:43.246, 0, P0, 0, 0, 318, 23034, 51, 29.31, 72.00, 2040, 6251, 2040, 0x0000000000000000
2026/09/20 12:54:43.347, 0, P0, 2, 0, 320, 23034, 51, 29.36, 72.00, 2040, 6251, 2040, 0x0000000000000000
2026/09/20 12:54:43.449, 0, P0, 2, 0, 350, 23034, 51, 29.63, 72.00, 2040, 6251, 2040, 0x0000000000000000
2026/09/20 12:54:43.551, 0, P0, 11, 2, 1442, 23034, 51, 30.32, 72.00, 2040, 6251, 2040, 0x0000000000000000
2026/09/20 12:54:43.652, 0, P0, 11, 2, 2664, 23034, 51, 31.94, 72.00, 2040, 6251, 2040, 0x0000000000000000
2026/09/20 12:54:43.754, 0, P0, 100, 27, 386, 23034, 52, 33.29, 72.00, 2040, 6251, 2040, 0x0000000000000000
2026/09/20 12:54:43.856, 0, P0, 100, 27, 386, 23034, 52, 34.18, 72.00, 2040, 6251, 2040, 0x0000000000000000
2026/09/20 12:54:43.958, 0, P0, 66, 20, 386, 23034, 53, 36.81, 72.00, 2040, 6251, 2040, 0x0000000000000000
2026/09/20 12:54:44.059, 0, P0, 66, 20, 386, 23034, 53, 39.53, 72.00, 2040, 6251, 2040, 0x0000000000000000
2026/09/20 12:54:44.161, 0, P0, 57, 15, 386, 23034, 54, 42.13, 72.00, 2040, 6251, 2040, 0x0000000000000000
2026/09/20 12:54:44.263, 0, P0, 57, 15, 386, 23034, 54, 44.71, 72.00, 2040, 6251, 2040, 0x0000000000000000
2026/09/20 12:54:44.365, 0, P0, 57, 15, 386, 23034, 54, 47.20, 72.00, 2040, 6251, 2040, 0x0000000000000000
2026/09/20 12:54:44.467, 0, P0, 57, 15, 386, 23034, 54, 49.85, 72.00, 2040, 6251, 2040, 0x0000000000000000
2026/09/20 12:54:44.569, 0, P0, 56, 15, 386, 23034, 54, 52.26, 72.00, 2040, 6251, 2040, 0x0000000000000000
2026/09/20 12:54:44.671, 0, P0, 56, 15, 386, 23034, 54, 54.37, 72.00, 2040, 6251, 2040, 0x0000000000000000
2026/09/20 12:54:44.772, 0, P0, 57, 15, 386, 23034, 54, 55.52, 72.00, 2040, 6251, 2040, 0x0000000000000000
2026/09/20 12:54:44.874, 0, P0, 57, 15, 386, 23034, 54, 56.77, 72.00, 2040, 6251, 2040, 0x0000000000000000
2026/09/20 12:54:44.976, 0, P0, 56, 15, 386, 23034, 54, 58.49, 72.00, 2040, 6251, 2040, 0x0000000000000000
2026/09/20 12:54:45.078, 0, P0, 56, 15, 386, 23034, 54, 58.58, 72.00, 2040, 6251, 2040, 0x0000000000000000
2026/09/20 12:54:45.179, 0, P0, 57, 15, 386, 23034, 54, 58.63, 72.00, 2040, 6251, 2040, 0x0000000000000000
2026/09/20 12:54:45.281, 0, P0, 57, 15, 386, 23034, 55, 58.75, 72.00, 2040, 6251, 2040, 0x0000000000000000
2026/09/20 12:54:45.383, 0, P0, 57, 15, 386, 23034, 55, 58.77, 72.00, 2040, 6251, 2040, 0x0000000000000000
2026/09/20 12:54:45.484, 0, P0, 57, 15, 386, 23034, 55, 58.73, 72.00, 2040, 6251, 2040, 0x0000000000000000
2026/09/20 12:54:45.586, 0, P0, 56, 15, 386, 23034, 55, 58.77, 72.00, 2040, 6251, 2040, 0x0000000000000000
2026/09/20 12:54:45.688, 0, P0, 56, 15, 386, 23034, 55, 58.65, 72.00, 2040, 6251, 2040, 0x0000000000000000
2026/09/20 12:54:45.790, 0, P0, 57, 15, 386, 23034, 55, 58.36, 72.00, 2040, 6251, 2040, 0x0000000000000000
2026/09/20 12:54:45.892, 0, P0, 56, 15, 386, 23034, 55, 58.44, 72.00, 2040, 6251, 2040, 0x0000000000000000
2026/09/20 12:54:45.993, 0, P0, 56, 15, 386, 23034, 55, 58.50, 72.00, 2040, 6251, 2040, 0x0000000000000000
2026/09/20 12:54:46.095, 0, P0, 57, 15, 386, 23034, 55, 58.55, 72.00, 2040, 6251, 2040, 0x0000000000000000
2026/09/20 12:54:46.197, 0, P0, 57, 15, 386, 23034, 55, 58.29, 72.00, 2040, 6251, 2040, 0x0000000000000000
2026/09/20 12:54:46.298, 0, P0, 55, 15, 386, 23034, 55, 58.33, 72.00, 2040, 6251, 2040, 0x0000000000000000
2026/09/20 12:54:46.400, 0, P0, 55, 15, 386, 23034, 55, 58.37, 72.00, 2040, 6251, 2040, 0x0000000000000000
2026/09/20 12:54:46.502, 0, P0, 57, 15, 386, 23034, 55, 58.46, 72.00, 2040, 6251, 2040, 0x0000000000000000
2026/09/20 12:54:46.603, 0, P0, 57, 15, 386, 23034, 55, 58.43, 72.00, 2040, 6251, 2040, 0x0000000000000000
2026/09/20 12:54:46.705, 0, P0, 57, 15, 386, 23034, 55, 58.55, 72.00, 2040, 6251, 2040, 0x0000000000000000
2026/09/20 12:54:46.807, 0, P0, 57, 15, 386, 23034, 55, 58.54, 72.00, 2040, 6251, 2040, 0x0000000000000000
2026/09/20 12:54:46.909, 0, P0, 57, 15, 386, 23034, 55, 58.56, 72.00, 2040, 6251, 2040, 0x0000000000000000
2026/09/20 12:54:47.011, 0, P0, 57, 15, 386, 23034, 55, 58.49, 72.00, 2040, 6251, 2040, 0x0000000000000000
2026/09/20 12:54:47.113, 0, P0, 57, 15, 386, 23034, 55, 58.51, 72.00, 2040, 6251, 2040, 0x0000000000000000
2026/09/20 12:54:47.215, 0, P0, 57, 15, 386, 23034, 55, 58.31, 72.00, 2040, 6251, 2040, 0x0000000000000000
2026/09/20 12:54:47.327, 0, P0, 57, 15, 386, 23034, 55, 58.38, 72.00, 2040, 6251, 2040, 0x0000000000000000
2026/09/20 12:54:47.431, 0, P0, 57, 15, 386, 23034, 55, 58.43, 72.00, 2040, 6251, 2040, 0x0000000000000000
2026/09/20 12:54:47.533, 0, P0, 56, 15, 386, 23034, 56, 58.56, 72.00, 2040, 6251, 2040, 0x0000000000000000
2026/09/20 12:54:47.635, 0, P0, 56, 15, 386, 23034, 56, 58.48, 72.00, 2040, 6251, 2040, 0x0000000000000000
2026/09/20 12:54:47.736, 0, P0, 57, 15, 386, 23034, 56, 58.47, 72.00, 2040, 6251, 2040, 0x0000000000000000
2026/09/20 12:54:47.838, 0, P0, 57, 15, 386, 23034, 56, 58.41, 72.00, 2040, 6251, 2040, 0x0000000000000000
2026/09/20 12:54:47.940, 0, P0, 56, 15, 386, 23034, 56, 58.27, 72.00, 2040, 6251, 2040, 0x0000000000000000
2026/09/20 12:54:48.042, 0, P0, 56, 15, 386, 23034, 56, 58.29, 72.00, 2040, 6251, 2040, 0x0000000000000000
2026/09/20 12:54:48.143, 0, P0, 56, 15, 386, 23034, 56, 58.27, 72.00, 2040, 6251, 2040, 0x0000000000000000
2026/09/20 12:54:48.245, 0, P0, 56, 15, 386, 23034, 56, 58.33, 72.00, 2040, 6251, 2040, 0x0000000000000000
2026/09/20 12:54:48.347, 0, P0, 57, 15, 386, 23034, 56, 58.47, 72.00, 2040, 6251, 2040, 0x0000000000000000
2026/09/20 12:54:48.449, 0, P0, 57, 15, 386, 23034, 56, 58.58, 72.00, 2040, 6251, 2040, 0x0000000000000000
2026/09/20 12:54:48.551, 0, P0, 56, 15, 386, 23034, 56, 58.34, 72.00, 2040, 6251, 2040, 0x0000000000000000
2026/09/20 12:54:48.653, 0, P0, 56, 15, 386, 23034, 56, 58.31, 72.00, 2040, 6251, 2040, 0x0000000000000000
2026/09/20 12:54:48.754, 0, P0, 57, 15, 386, 23034, 56, 58.41, 72.00, 2040, 6251, 2040, 0x0000000000000000
2026/09/20 12:54:48.856, 0, P0, 57, 15, 386, 23034, 56, 58.33, 72.00, 2040, 6251, 2040, 0x0000000000000000
2026/09/20 12:54:48.958, 0, P0, 57, 15, 386, 23034, 56, 58.38, 72.00, 2040, 6251, 2040, 0x0000000000000000
2026/09/20 12:54:49.060, 0, P0, 57, 15, 386, 23034, 56, 58.65, 72.00, 2040, 6251, 2040, 0x0000000000000000
2026/09/20 12:54:49.161, 0, P0, 57, 15, 386, 23034, 56, 58.57, 72.00, 2040, 6251, 2040, 0x0000000000000000
2026/09/20 12:54:49.263, 0, P0, 57, 15, 386, 23034, 56, 58.80, 72.00, 2040, 6251, 2040, 0x0000000000000000
2026/09/20 12:54:49.365, 0, P0, 57, 15, 386, 23034, 56, 58.77, 72.00, 2040, 6251, 2040, 0x0000000000000000
2026/09/20 12:54:49.467, 0, P0, 57, 15, 386, 23034, 56, 58.74, 72.00, 2040, 6251, 2040, 0x0000000000000000
2026/09/20 12:54:49.570, 0, P0, 56, 15, 386, 23034, 56, 58.67, 72.00, 2040, 6251, 2040, 0x0000000000000000
2026/09/20 12:54:49.671, 0, P0, 56, 15, 386, 23034, 56, 58.76, 72.00, 2040, 6251, 2040, 0x0000000000000000
2026/09/20 12:54:49.773, 0, P0, 57, 15, 386, 23034, 56, 58.51, 72.00, 2040, 6251, 2040, 0x0000000000000000
2026/09/20 12:54:49.875, 0, P0, 57, 15, 386, 23034, 56, 58.40, 72.00, 2040, 6251, 2040, 0x0000000000000000
2026/09/20 12:54:49.977, 0, P0, 55, 15, 386, 23034, 56, 58.55, 72.00, 2040, 6251, 2040, 0x0000000000000000
2026/09/20 12:54:50.078, 0, P0, 55, 15, 386, 23034, 56, 58.52, 72.00, 2040, 6251, 2040, 0x0000000000000000
2026/09/20 12:54:50.180, 0, P0, 57, 15, 386, 23034, 56, 58.47, 72.00, 2040, 6251, 2040, 0x0000000000000000
2026/09/20 12:54:50.282, 0, P0, 57, 15, 386, 23034, 56, 58.51, 72.00, 2040, 6251, 2040, 0x0000000000000000
2026/09/20 12:54:50.383, 0, P0, 55, 15, 386, 23034, 56, 58.44, 72.00, 2040, 6251, 2040, 0x0000000000000000
2026/09/20 12:54:50.485, 0, P0, 55, 15, 386, 23034, 56, 58.25, 72.00, 2040, 6251, 2040, 0x0000000000000000
2026/09/20 12:54:50.587, 0, P0, 57, 15, 386, 23034, 57, 58.22, 72.00, 2040, 6251, 2040, 0x0000000000000000
2026/09/20 12:54:50.689, 0, P0, 57, 15, 386, 23034, 57, 58.54, 72.00, 2040, 6251, 2040, 0x0000000000000000
2026/09/20 12:54:50.791, 0, P0, 56, 15, 386, 23034, 57, 58.57, 72.00, 2040, 6251, 2040, 0x0000000000000000
2026/09/20 12:54:50.892, 0, P0, 55, 15, 386, 23034, 57, 58.58, 72.00, 2040, 6251, 2040, 0x0000000000000000
2026/09/20 12:54:50.994, 0, P0, 55, 15, 386, 23034, 57, 58.54, 72.00, 2040, 6251, 2040, 0x0000000000000000
2026/09/20 12:54:51.096, 0, P0, 57, 15, 386, 23034, 57, 58.62, 72.00, 2040, 6251, 2040, 0x0000000000000000
2026/09/20 12:54:51.197, 0, P0, 57, 15, 260, 23034, 56, 55.98, 72.00, 2040, 6251, 2040, 0x0000000000000000
2026/09/20 12:54:51.299, 0, P0, 0, 0, 260, 23034, 55, 53.39, 72.00, 2040, 6251, 2040, 0x0000000000000000
2026/09/20 12:54:51.400, 0, P0, 0, 0, 260, 23034, 54, 50.66, 72.00, 2040, 6251, 2040, 0x0000000000000000
2026/09/20 12:54:51.501, 0, P0, 0, 0, 260, 23034, 54, 48.19, 72.00, 2040, 6251, 2040, 0x0000000000000000
2026/09/20 12:54:51.603, 0, P0, 0, 0, 260, 23034, 54, 45.57, 72.00, 2040, 6251, 2040, 0x0000000000000000
2026/09/20 12:54:51.704, 0, P0, 0, 0, 260, 23034, 54, 42.85, 72.00, 2040, 6251, 2040, 0x0000000000000000
2026/09/20 12:54:51.806, 0, P0, 0, 0, 260, 23034, 54, 40.06, 72.00, 2040, 6251, 2040, 0x0000000000000000
2026/09/20 12:54:51.910, 0, P0, 0, 0, 260, 23034, 54, 37.54, 72.00, 2040, 6251, 2040, 0x0000000000000000
2026/09/20 12:54:52.011, 0, P0, 0, 0, 260, 23034, 54, 34.95, 72.00, 2040, 6251, 2040, 0x0000000000000000
2026/09/20 12:54:52.112, 0, P0, 0, 0, 260, 23034, 54, 32.27, 72.00, 2040, 6251, 2040, 0x0000000000000000
2026/09/20 12:54:52.214, 0, P0, 0, 0, 0, 23034, 54, 29.75, 72.00, 2040, 6251, 2040, 0x0000000000000000
2026/09/20 12:54:52.315, 0, P0, 6, 1, 0, 23034, 54, 29.73, 72.00, 2040, 6251, 2040, 0x0000000000000000
2026/09/20 12:54:52.416, 0, P0, 6, 1, 0, 23034, 54, 29.73, 72.00, 2040, 6251, 2040, 0x0000000000000000
2026/09/20 12:54:52.518, 0, P0, 0, 0, 0, 23034, 54, 29.70, 72.00, 2040, 6251, 2040, 0x0000000000000000
2026/09/20 12:54:52.619, 0, P0, 0, 0, 0, 23034, 54, 29.71, 72.00, 2040, 6251, 2040, 0x0000000000000000
2026/09/20 12:54:52.721, 0, P0, 0, 0, 0, 23034, 53, 29.70, 72.00, 2040, 6251, 2040, 0x0000000000000000
2026/09/20 12:54:52.822, 0, P0, 0, 0, 0, 23034, 53, 29.70, 72.00, 2040, 6251, 2040, 0x0000000000000000
2026/09/20 12:54:52.923, 0, P0, 0, 0, 0, 23034, 53, 29.71, 72.00, 2040, 6251, 2040, 0x0000000000000000
2026/09/20 12:54:53.025, 0, P0, 0, 0, 0, 23034, 53, 29.69, 72.00, 2040, 6251, 2040, 0x0000000000000000
2026/09/20 12:54:53.126, 0, P0, 0, 0, 0, 23034, 53, 29.70, 72.00, 2040, 6251, 2040, 0x0000000000000000
2026/09/20 12:54:53.228, 0, P0, 0, 0, 0, 23034, 53, 29.70, 72.00, 2040, 6251, 2040, 0x0000000000000000
2026/09/20 12:54:53.329, 0, P0, 0, 0, 0, 23034, 53, 29.57, 72.00, 2040, 6251, 2040, 0x0000000000000000
2026/09/20 12:54:53.431, 0, P0, 0, 0, 0, 23034, 53, 29.57, 72.00, 2040, 6251, 2040, 0x0000000000000000
2026/09/20 12:54:53.532, 0, P0, 0, 0, 0, 23034, 53, 29.56, 72.00, 2040, 6251, 2040, 0x0000000000000000
2026/09/20 12:54:53.633, 0, P0, 0, 0, 0, 23034, 53, 29.58, 72.00, 2040, 6251, 2040, 0x0000000000000000
2026/09/20 12:54:53.735, 0, P0, 0, 0, 0, 23034, 53, 29.59, 72.00, 2040, 6251, 2040, 0x0000000000000000
2026/09/20 12:54:53.836, 0, P0, 0, 0, 0, 23034, 53, 29.58, 72.00, 2040, 6251, 2040, 0x0000000000000000
2026/09/20 12:54:53.938, 0, P0, 0, 0, 0, 23034, 53, 29.60, 72.00, 2040, 6251, 2040, 0x0000000000000000
2026/09/20 12:54:54.039, 0, P0, 0, 0, 0, 23034, 53, 29.59, 72.00, 2040, 6251, 2040, 0x0000000000000000
2026/09/20 12:54:54.141, 0, P0, 0, 0, 0, 23034, 53, 29.59, 72.00, 495, 6251, 2040, 0x0000000000000001
